row	language	stars	forks	issues	watchers	license	lines	score
1	Swift	0	0	0	150	BSD 2-Clause 'Simplified' License	66593	0.3932422717469446
2	Go	22428	0	0	142	Apache License 2.0	890871	0.5377426312005751
3	Java	0	0	0	351	MIT License	1476223	0.5945363048166786
4	Scala	14246	1937	706	178	Apache License 2.0	29107	0.6829618979151689
5	HTML/CSS	5240	0	0	0	MIT License	1408671	0.3774263120057513
6	SQL	11474	1295	0	110	GNU Lesser General Public License v2.1	744086	0.6110711718188354
7	JavaScript	0	1302	0	0	MIT License	164359	0.30337886412652765
8	C++	0	2705	1392	0	MIT License	1891496	0.5025161754133717
9	HTML/CSS	7761	0	304	126	GNU Lesser General Public License v3.0	1473489	0.7160316319194824
10	Objective-C	0	6817	1190	228	GNU General Public License v3.0	1357381	0.7677929547088426
11	SQL	0	5070	297	97	The Unlicense	1479745	0.6534867002156722
12	Java	3472	5757	0	29	GNU General Public License v3.0	1508970	0.19194823867721061
13	SQL	0	315	587	0	MIT License	866580	0.5923795830337887
14	Python	13704	0	0	10	GNU General Public License v3.0	31825	0.3680805176132279
15	SQL	15769	5565	854	100	GNU General Public License v3.0	580797	0.6664270309130123
16	C++	11998	0	0	155	BSD 3-Clause 'New' or 'Revised' License	583345	0.44716031631919484
17	Java	0	0	0	31	MIT License	1634683	0.6268871315600286
18	Python	3553	184	130	147	MIT License	307622	0.3637670740474479
19	JavaScript	8043	0	0	0	MIT License	1532060	0.6182602444284686
20	Python	13923	0	501	0	MIT License	882459	0.11861969805895038
21	Scala	4528	181	0	0	Apache License 2.0	1156954	0.35873472322070454
22	TypeScript	0	0	949	266	MIT License	2018676	0.6534867002156722
23	C	6473	1854	143	183	MIT License	983778	0.6491732566498922
24	HTML/CSS	0	843	0	0	GNU General Public License v3.0	551254	0.47951114306254494
25	Ruby	0	0	0	134	GNU General Public License v3.0	89733	0.4040258806613947
26	C++	0	5715	0	124	BSD 2-Clause 'Simplified' License	54227	0.6168224299065421
27	Scala	9991	6318	506	0	MIT License	249471	0.6930265995686556
28	Rust	20512	3952	0	525	GNU General Public License v2.0	1764060	0.7167505391804456
29	Java	6855	0	1605	0	MIT License	3427496	0.5262401150251618
30	Python	1933	2878	632	139	Apache License 2.0	1284515	0.33572969086987775
31	Objective-C	14501	0	0	104	MIT License	93801	0.5168943206326384
32	C#	10306	1657	1270	153	Apache License 2.0	1561710	0.7340043134435658
33	Java	20212	6093	0	85	MIT License	302772	0.732566498921639
34	PHP	30797	0	1135	0	BSD 2-Clause 'Simplified' License	1257970	0.6196980589503953
35	HTML/CSS	37909	0	0	149	BSD 3-Clause 'New' or 'Revised' License	12018	0.4996405463695184
36	Python	14752	1273	315	125	MIT License	53792	0.18835370237239396
37	Kotlin	0	0	0	71	MIT License	872091	0.26240115025161753
38	SQL	0	1426	0	0	MIT License	968253	0.3781452192667146
39	Kotlin	21642	3797	0	371	Apache License 2.0	473085	0.3501078360891445
40	HTML/CSS	13366	0	0	64	MIT License	460124	0.779295470884256
41	MATLAB	3953	0	0	126	GNU General Public License v3.0	589737	0.3932422717469446
42	JavaScript	0	0	57	0	MIT License	1525224	0.5729690869877785
43	Python	0	1271	0	39	Apache License 2.0	424449	0.42415528396836805
44	Ruby	0	0	0	0	MIT License	248646	0.36161035226455784
45	JavaScript	0	1371	0	0	MIT License	1400684	0.4823867721063983
46	Scala	1099	916	1134	0	MIT License	1013974	0.5988497483824586
47	TypeScript	15516	0	0	0	BSD 2-Clause 'Simplified' License	1585209	0.5708123652048885
48	SQL	0	3343	0	0	MIT License	464511	0.38605319913731123
49	JavaScript	31350	0	657	0	MIT License	726810	0.7131560028756291
50	C++	4898	0	0	135	Apache License 2.0	206401	0.5305535585909418
51	C#	5402	0	0	98	MIT License	1176039	0.5319913731128685
52	Objective-C	20126	0	0	241	MIT License	104561	0.24658519051042413
53	Python	3694	0	0	0	MIT License	54929	0.36520488856937455
54	Ruby	0	0	0	169	MIT License	1143205	0.6146657081236521
55	JavaScript	18157	0	1010	204	BSD 3-Clause 'New' or 'Revised' License	1702265	0.7189072609633357
56	VBA	33212	991	293	23	BSD 3-Clause 'New' or 'Revised' License	56083	0.6132278936017254
57	SQL	0	4568	580	134	BSD 3-Clause 'New' or 'Revised' License	795606	0.8281811646297627
58	PHP	0	1718	0	173	BSD 3-Clause 'New' or 'Revised' License	1057200	0.7951114306254494
59	C++	0	4922	256	0	Apache License 2.0	1047380	0.5499640546369517
60	HTML/CSS	25313	0	462	0	GNU Lesser General Public License v2.1	3086877	0.3975557153127246
61	Go	0	0	1018	0	Apache License 2.0	556333	0.6391085549964055
62	C++	44149	1375	0	0	BSD 3-Clause 'New' or 'Revised' License	804662	0.4399712437095615
63	MATLAB	0	0	464	286	Apache License 2.0	1476294	0.3306973400431344
64	SQL	0	645	680	216	MIT License	1582754	0.6578001437814522
65	SQL	6091	3793	44	269	MIT License	194323	0.6649892163910855
66	HTML/CSS	0	0	1335	0	GNU General Public License v3.0	659479	0.7419122933141625
67	Java	10207	860	149	0	MIT License	988603	0.35945363048166784
68	Objective-C	26609	0	1136	80	MIT License	1486007	0.5945363048166786
69	VBA	0	3955	2055	177	BSD 3-Clause 'New' or 'Revised' License	5565193	0.43637670740474477
70	Python	10755	0	0	136	GNU General Public License v2.0	1313607	0.4406901509705248
71	TypeScript	33602	0	0	83	MIT License	6858	0.3076923076923077
72	Python	16069	4075	395	0	MIT License	1277109	0.496764917325665
73	Scala	0	0	1207	275	MIT License	1992681	0.2774982027318476
74	Python	24725	0	0	226	GNU General Public License v3.0	530057	0.5679367361610352
75	PHP	33637	0	823	0	BSD 3-Clause 'New' or 'Revised' License	505309	0.4730409777138748
76	JavaScript	24014	0	0	15	MIT License	977148	0.5837526959022287
77	HTML/CSS	0	0	141	71	MIT License	1083146	0.4960460100647016
78	Python	0	3992	506	0	Mozilla Public License 2.0	41885	0.41624730409777133
79	Java	45416	807	0	233	MIT No Attribution	982140	0.5715312724658519
80	HTML/CSS	34334	5438	0	249	BSD 3-Clause 'New' or 'Revised' License	289275	0.7390366642703091
81	Python	0	3484	0	691	Apache License 2.0	1355388	0.6290438533429188
82	Java	0	0	489	0	Apache License 2.0	275911	0.2135154565061107
83	C#	0	3737	421	295	MIT License	130158	0.4773544212796549
84	SQL	50819	0	0	562	GNU General Public License v3.0	2490591	0.7764198418404026
85	Java	37699	0	0	0	MIT License	403833	0.4191229331416247
86	SQL	2232	0	0	24	Apache License 2.0	656917	0.49892163910855497
87	Java	15277	749	837	363	Apache License 2.0	49518	0.3975557153127246
88	HTML/CSS	23934	0	0	356	MIT License	183525	0.7713874910136592
89	SQL	0	0	0	0	MIT License	1656845	0.6987778576563624
90	JavaScript	16799	3060	1141	0	MIT No Attribution	1643957	0.6477354421279655
91	HTML/CSS	36943	6038	0	103	MIT License	1267953	0.9460819554277499
92	C	0	0	406	2	MIT License	473460	0.41265276779295473
93	Python	20379	0	29	0	BSD 3-Clause 'New' or 'Revised' License	643096	0.522645578720345
94	Python	0	799	785	382	MIT License	2686012	0.6117900790797987
95	PHP	23812	4953	0	165	MIT License	2193627	0.6779295470884257
96	SQL	0	206	396	17	BSD 3-Clause 'New' or 'Revised' License	857305	0.509705248023005
97	VBA	27527	5951	327	0	MIT License	1326998	0.6700215672178288
98	Python	6176	5958	401	0	BSD 3-Clause 'New' or 'Revised' License	1016298	0.5132997843278216
99	Ruby	17118	3015	943	0	Apache License 2.0	906910	0.7936736161035227
100	C++	16126	2318	0	60	BSD 3-Clause 'New' or 'Revised' License	55234	0.728253055355859
101	C	5588	3583	406	0	MIT License	591777	0.4399712437095615
102	C	18888	0	2202	0	Apache License 2.0	5276190	0.49388928828181167
103	C++	18695	0	0	0	GNU General Public License v3.0	2387568	0.5506829618979152
104	VBA	0	108	0	105	MIT License	445604	0.6542056074766355
105	C#	9308	2248	0	0	MIT License	1906780	0.7095614665708123
106	C++	0	0	0	238	MIT License	1108930	0.42774982027318476
107	PHP	0	0	1864	14	BSD 3-Clause 'New' or 'Revised' License	2522271	0.7296908698777856
108	Java	29705	7156	0	0	MIT License	628796	0.5240833932422717
109	Go	14834	1061	0	0	GNU General Public License v3.0	1321327	0.45578720345075485
110	VBA	6179	3255	0	0	BSD 2-Clause 'Simplified' License	994920	0.3989935298346513
111	C#	16969	7030	0	0	GNU General Public License v2.0	756644	0.578001437814522
112	Python	0	3485	375	0	MIT License	1031142	0.4205607476635514
113	JavaScript	12690	6137	1483	0	Apache License 2.0	4110056	0.8353702372393961
114	C#	31111	3814	0	0	MIT License	308297	0.41337167505391803
115	VBA	0	6629	843	53	MIT License	379841	0.6125089863407621
116	JavaScript	22694	1469	2020	151	MIT License	4659984	0.6793673616103523
117	HTML/CSS	16500	802	0	0	MIT License	1632720	0.6053199137311287
118	C++	4199	0	1521	3	GNU General Public License v2.0	1443222	0.5082674335010783
119	Swift	0	0	0	0	MIT License	716850	0.3601725377426312
120	Swift	0	424	1029	65	MIT License	3036327	0.4982027318475917
121	HTML/CSS	26824	7614	26	0	Apache License 2.0	1763781	0.8483105679367361
122	SQL	11513	0	0	0	MIT License	353477	0.3644859813084112
123	TypeScript	712	1132	588	24	Apache License 2.0	261336	0.40618260244428467
124	Python	33589	0	0	302	Mozilla Public License 2.0	1036996	0.8425593098490294
125	C#	0	0	1382	0	MIT License	1695559	0.6024442846872754
126	MATLAB	0	0	770	0	MIT License	750094	0.45578720345075485
127	VBA	29111	0	261	0	MIT License	907656	0.5355859094176851
128	Swift	0	2267	156	0	Apache License 2.0	1536834	0.2537742631200575
129	SQL	22602	3676	452	0	GNU General Public License v3.0	192557	0.3932422717469446
130	PHP	11028	0	454	80	Apache License 2.0	210118	0.3831775700934579
131	C#	23154	102	0	0	MIT License	370698	0.5348670021567218
132	Python	6220	3711	0	0	GNU General Public License v3.0	911872	0.7419122933141625
133	Java	0	0	563	0	MIT License	1408314	0.4565061107117182
134	C#	2638	2706	426	78	BSD 3-Clause 'New' or 'Revised' License	1222090	0.43206326383896476
135	JavaScript	714	2814	0	109	MIT License	400604	0.6031631919482386
136	Java	32282	753	0	0	GNU General Public License v2.0	917045	0.6642703091301222
137	Kotlin	21868	0	775	0	GNU General Public License v2.0	846474	0.6462976276060388
138	Python	27493	3756	0	0	MIT License	589244	0.4119338605319913
139	SQL	0	762	0	0	Apache License 2.0	46899	0.7189072609633357
140	SQL	26244	4347	0	214	MIT License	1236923	0.5470884255930984
141	Scala	0	3087	527	235	MIT License	471317	0.3666427030913012
142	TypeScript	0	0	996	222	MIT License	485225	0.4802300503235082
143	R	16495	6960	0	70	BSD 3-Clause 'New' or 'Revised' License	1552780	0.5801581595974119
144	R	13957	0	813	126	MIT License	461578	0.5212077641984184
145	TypeScript	8342	0	0	174	MIT License	1444100	0.5420560747663551
146	HTML/CSS	0	3289	1784	61	MIT License	3521672	0.6786484543493889
147	JavaScript	19948	0	1837	24	MIT License	3407236	0.5614665708123652
148	Ruby	0	1401	20	0	MIT No Attribution	1144941	0.3350107836089144
149	SQL	0	0	1319	0	MIT License	2463660	0.4644140905823148
150	C#	10132	3212	848	0	GNU General Public License v3.0	1933584	0.8835370237239397
151	Java	0	3902	0	22	MIT License	794995	0.4572250179726815
152	C#	7492	4276	0	215	GNU General Public License v3.0	992403	0.8526240115025161
153	C++	34322	0	1776	0	MIT License	2997670	0.6002875629043853
154	VBA	8814	4659	1	0	BSD 3-Clause 'New' or 'Revised' License	810735	0.40905823148813797
155	HTML/CSS	16145	360	10	345	MIT License	69258	0.9223580158159597
156	C++	0	5625	0	0	MIT License	1734231	0.45794392523364486
157	C	32832	5408	63	0	GNU General Public License v3.0	2193707	0.7656362329259525
158	Ruby	10533	7671	0	60	GNU General Public License v3.0	662611	0.5233644859813084
159	Java	10248	0	0	0	MIT License	204655	0.2868439971243709
160	PHP	5028	1885	878	166	BSD 3-Clause 'New' or 'Revised' License	107871	0.5197699496764917
161	Python	0	0	0	0	GNU General Public License v3.0	2151161	0.518332135154565
162	TypeScript	9342	0	0	120	GNU Affero General Public License v3.0	291735	0.37311286843997127
163	TypeScript	0	1024	909	0	MIT License	1289989	0.5794392523364487
164	Java	0	6541	0	42	Apache License 2.0	39430	0.6081955427749821
165	Swift	10075	0	874	0	GNU General Public License v3.0	962476	0.6355140186915887
166	JavaScript	0	1993	0	266	MIT License	988278	0.5017972681524083
167	C#	2333	414	0	65	MIT License	351415	0.4507548526240115
168	MATLAB	0	0	0	0	Apache License 2.0	934230	0.3299784327821711
169	C++	0	0	0	25	Apache License 2.0	2950036	0.4291876347951114
170	Java	2443	0	65	248	BSD 3-Clause 'New' or 'Revised' License	2091060	0.5801581595974119
171	HTML/CSS	29508	1469	0	0	MIT License	1108239	0.44931703810208484
172	Go	31825	7667	0	301	MIT License	1511163	0.7332854061826024
173	HTML/CSS	0	1879	0	0	Apache License 2.0	2860760	0.6218547807332854
174	Scala	0	0	0	0	MIT License	401859	0.317038102084831
175	JavaScript	20631	0	0	0	MIT License	171230	0.30913012221423436
176	SQL	27041	0	0	0	Apache License 2.0	1573000	0.8634076204169663
177	SQL	7275	5029	0	226	Apache License 2.0	420534	0.7030913012221424
178	Python	0	1293	0	215	MIT License	931136	0.6757728253055355
179	Java	6991	7557	1618	0	MIT License	2096215	0.7907979870596693
180	JavaScript	16466	0	315	0	MIT No Attribution	631808	0.4572250179726815
181	JavaScript	30698	4348	374	219	Apache License 2.0	319606	0.9618979151689433
182	Go	0	3150	67	46	GNU General Public License v3.0	1251825	0.2961897915168943
183	C	27811	0	0	0	MIT License	1520341	0.7778576563623293
184	Rust	8748	6270	0	94	Apache License 2.0	79251	0.5916606757728252
185	R	0	7163	0	0	MIT License	306765	0.5744069015097052
186	JavaScript	7954	6036	99	0	GNU Lesser General Public License v2.1	997549	0.6592379583033788
187	Ruby	0	0	0	107	MIT License	843340	0.4917325664989216
188	JavaScript	2422	0	2410	182	MIT License	6167775	0.6053199137311287
189	Java	28986	0	0	152	MIT License	556471	0.6793673616103523
190	JavaScript	7880	0	0	222	MIT License	578046	0.7742631200575125
191	Python	0	7942	530	106	MIT License	1007903	0.5549964054636952
192	VBA	17633	504	456	184	MIT License	898001	0.5010783608914451
193	R	606	0	0	368	MIT License	325980	0.6412652767792953
194	HTML/CSS	0	0	768	0	MIT License	1986418	0.49892163910855497
195	JavaScript	0	1050	666	379	Apache License 2.0	1018701	0.676491732566499
196	C++	12673	0	1226	65	MIT License	3191395	0.4960460100647016
197	Java	0	4983	547	203	MIT License	1020464	0.7649173256649893
198	C#	0	0	0	49	Apache License 2.0	1866679	0.40977713874910143
199	JavaScript	38300	7105	1883	20	MIT License	3298417	0.9381739755571531
200	Scala	15946	1395	0	0	MIT License	23538	0.5765636232925953
201	JavaScript	32243	3887	1039	57	GNU General Public License v2.0	1374991	0.5089863407620416
202	SQL	0	649	0	0	MIT License	226400	0.5873472322070452
203	PHP	3160	8203	2252	0	MIT License	6625944	0.37095614665708126
204	Swift	32103	2099	709	0	Creative Commons Zero v1.0 Universal	1091243	0.5614665708123652
205	R	18725	0	0	0	MIT License	1214726	0.6218547807332854
206	Swift	3599	2877	0	78	GNU General Public License v2.0	657319	0.5240833932422717
207	TypeScript	0	6472	0	0	MIT License	617893	0.5025161754133717
208	C#	0	0	363	167	MIT License	1784601	0.7649173256649893
209	C	0	1364	0	77	BSD 3-Clause 'New' or 'Revised' License	720575	0.2573687994248742
210	Java	25608	2985	596	0	MIT License	551602	0.42415528396836805
211	C#	8492	0	1033	330	MIT License	581637	0.6326383896477353
212	Java	0	3475	523	0	BSD 3-Clause 'New' or 'Revised' License	171173	0.5204888569374551
213	TypeScript	0	661	0	53	MIT License	972608	0.5751258087706687
214	SQL	25112	0	0	518	MIT License	757273	0.7929547088425593
215	C++	25322	8516	0	0	MIT License	125572	0.9877785765636233
216	HTML/CSS	0	1050	262	13	MIT License	319948	0.6613946800862688
217	Objective-C	17202	1248	0	0	GNU General Public License v2.0	1244801	0.34004313443565776
218	C++	13761	5312	0	119	MIT License	1319584	0.6994967649173257
219	PHP	48206	0	117	0	MIT License	853841	0.7872034507548527
220	JavaScript	0	2384	0	0	MIT License	100866	0.40618260244428467
221	Java	5945	4240	0	173	MIT License	938756	0.40258806613946807
222	JavaScript	13254	0	0	73	GNU Lesser General Public License v3.0	645322	0.4399712437095615
223	Python	1308	1303	1031	94	GNU General Public License v3.0	1317362	0.6484543493889288
224	Python	0	5080	0	41	MIT License	457542	0.5765636232925953
225	HTML/CSS	23973	0	75	0	Apache License 2.0	374222	0.507548526240115
226	JavaScript	0	1246	906	79	MIT License	144426	0.5283968368080517
227	Kotlin	26356	2261	1684	0	MIT License	3201658	0.667864845434939
228	C#	31055	0	940	103	MIT License	562804	0.7225017972681523
229	SQL	14098	6946	1842	163	MIT License	3935635	0.9086987778576564
230	Python	0	0	0	280	Eclipse Public License 2.0	309262	0.4428468727534148
231	JavaScript	1367	6455	0	0	Apache License 1.1	1490524	0.6477354421279655
232	PHP	50552	7514	123	0	MIT License	765315	0.6872753414809489
233	JavaScript	0	0	0	98	MIT License	466128	0.6527677929547088
234	Java	7640	0	1010	149	MIT License	3717543	0.45363048166786485
235	HTML/CSS	12845	0	383	217	Apache License 2.0	587917	0.6743350107836089
236	VBA	8130	6093	1414	185	GNU Lesser General Public License v3.0	3393133	0.8404025880661394
237	SQL	30320	3963	1115	291	GNU General Public License v3.0	2142673	0.5830337886412652
238	TypeScript	0	2467	0	108	MIT License	898156	0.505391804457225
239	Swift	0	2170	0	55	GNU General Public License v3.0	760224	0.6772106398274622
240	TypeScript	20647	0	689	222	Apache License 2.0	774399	0.6053199137311287
241	HTML/CSS	9184	2118	2475	0	MIT License	5413178	0.6146657081236521
242	C#	21439	4960	0	125	BSD 3-Clause 'New' or 'Revised' License	1580942	0.8655643421998562
243	SQL	0	6207	0	0	MIT License	118993	0.5535585909417685
244	R	19078	5381	708	87	Apache License 2.0	22756	0.7958303378864127
245	C#	13434	4919	726	355	BSD 3-Clause 'New' or 'Revised' License	1033594	0.7181883537023723
246	JavaScript	0	0	198	206	MIT License	1083362	0.6887131560028756
247	PHP	12447	1201	0	0	GNU General Public License v3.0	2290049	0.26599568655643424
248	C++	0	0	156	95	Apache License 2.0	257320	0.3975557153127246
249	TypeScript	21269	0	93	0	MIT License	988598	0.5729690869877785
250	HTML/CSS	0	0	0	0	MIT License	1579056	0.38245866283249463
251	Python	10742	0	0	39	Apache License 2.0	790788	0.4184040258806614
252	HTML/CSS	15886	0	0	0	BSD 3-Clause 'New' or 'Revised' License	1880295	0.5506829618979152
253	SQL	43935	6420	0	0	MIT License	1447751	0.45794392523364486
254	C	12644	0	537	0	MIT License	894281	0.4529115744069015
255	TypeScript	0	60	0	142	Apache License 2.0	1541870	0.46369518332135157
256	MATLAB	0	0	0	0	GNU Affero General Public License v3.0	657336	0.6319194823867721
257	PHP	6269	404	186	133	GNU General Public License v3.0	1079930	0.2573687994248742
258	Objective-C	0	0	0	183	MIT License	2400659	0.6010064701653487
259	C++	10107	0	0	0	GNU General Public License v3.0	193636	0.22070452911574406
260	C#	39589	0	837	0	GNU General Public License v3.0	183614	0.6189791516894321
261	C#	15893	8290	1375	162	BSD 3-Clause 'New' or 'Revised' License	1934854	0.7850467289719627
262	SQL	17838	0	0	0	MIT License	1230952	0.6175413371675054
263	SQL	12800	1408	242	55	MIT License	1564891	0.47088425593098493
264	HTML/CSS	0	1831	0	245	MIT License	340797	0.625449317038102
265	Java	0	0	0	117	MIT License	148327	0.46585190510424146
266	Scala	17844	6702	0	0	BSD 3-Clause 'New' or 'Revised' License	1433517	0.6139468008626888
267	HTML/CSS	14041	0	772	0	Apache License 2.0	1062340	0.8533429187634796
268	C++	9707	809	0	0	Apache License 2.0	1370960	0.4248741912293314
269	Java	8	151	1932	106	MIT License	2030955	0.3989935298346513
270	TypeScript	0	0	32	278	Apache License 1.1	986980	0.43206326383896476
271	SQL	3446	0	0	0	MIT License	38346	0.3321351545650611
272	R	8059	0	2264	0	GNU General Public License v2.0	5457230	0.511861969805895
273	C++	38498	1424	994	0	BSD 3-Clause 'New' or 'Revised' License	502401	0.8087706685837527
274	HTML/CSS	0	1715	0	178	MIT License	424486	0.4205607476635514
275	JavaScript	0	8564	0	0	MIT License	313714	0.5499640546369517
276	TypeScript	24056	2993	0	213	GNU General Public License v3.0	94579	0.4069015097052481
277	Go	3736	1116	0	0	MIT License	1911793	0.3544212796549245
278	Java	20104	4017	1257	64	MIT License	2576575	0.6664270309130123
279	JavaScript	26071	0	748	0	GNU General Public License v3.0	2465838	0.29690869877785764
280	HTML/CSS	17730	1671	255	79	BSD 3-Clause 'New' or 'Revised' License	1525291	0.7519769949676492
281	C	0	4564	449	0	MIT License	1060885	0.6017253774263119
282	VBA	37822	1589	774	0	BSD 3-Clause 'New' or 'Revised' License	246954	0.625449317038102
283	SQL	0	2293	0	29	MIT License	1292523	0.4119338605319913
284	HTML/CSS	33834	1568	0	468	GNU Affero General Public License v3.0	377554	0.5772825305535585
285	Python	27003	786	205	0	Apache License 2.0	734152	0.4651329978432782
286	SQL	49411	0	0	56	Apache License 2.0	1026901	0.6024442846872754
287	Java	0	5619	974	0	MIT License	426979	0.6319194823867721
288	C	0	5666	0	213	Apache License 2.0	158871	0.4665708123652049
289	Java	0	0	0	0	GNU General Public License v3.0	1799275	0.6750539180445723
290	HTML/CSS	28475	0	868	491	GNU General Public License v2.0	1216449	0.8461538461538461
291	C#	4021	1661	0	0	MIT License	1167932	0.41768511861969804
292	Java	0	0	0	0	GNU General Public License v2.0	1489870	0.7153127246585189
293	Python	31507	1915	0	0	MIT License	970464	0.13731128684399713
294	Python	0	0	0	352	Apache License 2.0	860808	0.4076204169662113
295	Python	1754	5004	844	140	MIT License	2133586	0.7138749101365923
296	TypeScript	719	0	0	0	Eclipse Public License 2.0	9529	0.4212796549245147
297	Java	47539	4407	0	17	MIT License	105285	0.723939611790079
298	Python	0	0	0	0	BSD 3-Clause 'New' or 'Revised' License	1963323	0.43421998562185476
299	C++	26057	0	527	0	MIT License	525809	0.5851905104241553
300	JavaScript	0	3469	1198	0	MIT License	2120868	0.6096333572969087
301	Ruby	0	0	0	0	MIT License	924004	0.4119338605319913
302	PHP	8818	0	0	23	MIT License	2573793	0.4227174694464414
303	Python	0	0	823	65	BSD 3-Clause 'New' or 'Revised' License	456584	0.5255212077641984
304	Rust	3253	0	9	34	MIT License	205127	0.306254493170381
305	Scala	0	613	58	0	GNU General Public License v3.0	1281432	0.27462257368799425
306	C#	29280	10052	51	17	MIT License	804919	0.7340043134435658
307	Python	0	8265	851	20	GNU General Public License v3.0	2067389	0.46369518332135157
308	HTML/CSS	0	5313	0	153	Apache License 2.0	1504914	0.7994248741912292
309	Kotlin	30161	0	0	27	MIT License	938802	0.7354421279654924
310	TypeScript	9123	215	0	0	GNU General Public License v3.0	1297857	0.5880661394680087
311	C#	2219	1235	1528	188	Apache License 2.0	3572290	0.5255212077641984
312	Scala	0	7614	489	108	Apache License 2.0	132547	0.42846872753414805
313	C#	11610	6838	0	0	MIT License	368541	0.5974119338605319
314	Objective-C	1004	0	0	384	MIT License	153803	0.6046010064701653
315	VBA	10214	933	234	0	MIT License	324574	0.3767074047447879
316	JavaScript	0	0	0	110	GNU General Public License v3.0	113543	0.42990654205607476
317	Java	10688	3377	417	0	MIT License	475896	0.5125808770668584
318	Java	38974	1735	340	0	GNU General Public License v3.0	228381	0.6628324946081955
319	TypeScript	46040	0	1198	236	Apache License 2.0	2306936	0.5794392523364487
320	HTML/CSS	44974	2865	133	16	BSD 3-Clause 'New' or 'Revised' License	621996	0.6743350107836089
321	PHP	1858	6847	0	0	Apache License 1.1	502321	0.6017253774263119
322	HTML/CSS	0	3449	0	85	MIT License	221197	0.5830337886412652
323	Ruby	23625	0	0	0	Mozilla Public License 2.0	570214	0.47519769949676494
324	Python	36099	1251	0	61	GNU General Public License v2.0	172928	0.20848310567936734
325	Ruby	18337	0	415	0	GNU General Public License v2.0	273757	0.43853342918763477
326	C	0	2808	172	0	MIT License	909333	0.28037383177570097
327	C++	0	5200	0	322	BSD 3-Clause 'New' or 'Revised' License	292521	0.32278936017253773
328	Kotlin	0	7289	497	0	MIT License	171269	0.3558590941768512
329	Java	9403	3867	0	0	MIT License	418436	0.5355859094176851
330	HTML/CSS	0	2437	0	71	MIT License	917975	0.5262401150251618
331	VBA	19457	6894	629	0	Apache License 2.0	1136159	0.5398993529834651
332	Java	0	4331	0	71	BSD 3-Clause 'New' or 'Revised' License	949394	0.47951114306254494
333	PHP	15701	7516	0	51	MIT License	1261136	0.792235801581596
334	HTML/CSS	0	6115	211	45	GNU General Public License v2.0	1503418	0.45003594536304814
335	C#	5214	0	1176	188	MIT No Attribution	1939487	0.5176132278936016
336	Python	17656	4762	386	167	Mozilla Public License 2.0	744488	0.314881380301941
337	R	8729	2261	0	321	MIT License	154545	0.811646297627606
338	HTML/CSS	0	0	0	108	GNU General Public License v3.0	2827665	0.44572250179726813
339	HTML/CSS	6083	1992	0	62	MIT License	1403892	0.5413371675053918
340	C++	4566	8184	321	0	MIT License	188046	0.4902947519769949
341	R	1036	0	0	13	GNU General Public License v3.0	432933	0.38245866283249463
342	JavaScript	0	0	1031	0	MIT License	179032	0.5808770668583753
343	JavaScript	32697	7572	0	78	GNU General Public License v3.0	400144	0.877785765636233
344	Java	18867	0	0	209	Apache License 1.1	280770	0.5880661394680087
345	Python	20139	1144	1529	0	GNU General Public License v3.0	1910555	0.41768511861969804
346	Kotlin	0	0	0	180	Apache License 2.0	970314	0.4586628324946082
347	HTML/CSS	31461	3190	0	14	MIT License	2499675	0.578001437814522
348	Python	0	0	0	0	Apache License 2.0	136000	0.1933860531991373
349	MATLAB	0	1816	0	0	MIT License	1365144	0.8346513299784328
350	HTML/CSS	2510	0	295	0	BSD 3-Clause 'New' or 'Revised' License	774165	0.5025161754133717
351	Python	0	2530	0	268	Mozilla Public License 2.0	634015	0.4910136592379583
352	C	5772	0	0	0	MIT No Attribution	1639663	0.5657800143781452
353	Rust	18913	3267	0	0	BSD 3-Clause 'New' or 'Revised' License	875468	0.4248741912293314
354	C++	13172	5810	0	210	BSD 2-Clause 'Simplified' License	987815	0.7246585190510424
355	Rust	16054	0	457	0	Apache License 2.0	860260	0.689432063263839
356	Scala	16438	0	394	192	GNU General Public License v3.0	1861284	0.41552839683680803
357	TypeScript	0	4360	694	14	MIT License	778504	0.3932422717469446
358	Python	12201	2308	0	303	MIT License	1239859	0.22501797268152407
359	C#	6569	2986	568	0	GNU General Public License v3.0	350733	0.5902228612508986
360	TypeScript	2293	7864	287	552	GNU General Public License v3.0	151499	0.6570812365204888
361	JavaScript	0	610	117	6	MIT License	438701	0.6017253774263119
362	Java	48159	3176	638	0	MIT License	223845	0.5887850467289719
363	Python	0	0	0	0	MIT License	32897	0.6685837526959022
364	HTML/CSS	18795	4135	0	38	GNU General Public License v2.0	651363	0.8576563623292596
365	Go	0	633	0	0	MIT License	116187	0.4378145219266714
366	SQL	0	1602	913	500	GNU Lesser General Public License v3.0	1048150	0.8741912293314162
367	JavaScript	12814	6610	0	45	BSD 3-Clause 'New' or 'Revised' License	468150	0.4823867721063983
368	TypeScript	1861	1050	0	0	MIT License	100776	0.5363048166786485
369	HTML/CSS	0	1327	411	52	MIT License	890875	0.7059669302659957
370	JavaScript	1113	6983	0	0	MIT License	679708	0.41624730409777133
371	HTML/CSS	6540	2155	0	0	BSD 3-Clause 'New' or 'Revised' License	471605	0.3774263120057513
372	PHP	12818	388	0	0	MIT License	785764	0.5089863407620416
373	Rust	5212	3412	0	75	MIT License	177496	0.7174694464414091
374	JavaScript	0	5075	0	284	MIT License	1965823	0.6987778576563624
375	Java	0	1367	0	282	BSD 3-Clause 'New' or 'Revised' License	846578	0.7253774263120056
376	Swift	18240	0	0	0	MIT License	347779	0.09561466570812363
377	Objective-C	0	0	147	81	BSD 3-Clause 'New' or 'Revised' License	1766867	0.5046728971962616
378	Objective-C	10040	4979	0	0	MIT License	508929	0.3781452192667146
379	Java	30331	5509	1067	0	Apache License 2.0	1284752	0.30337886412652765
380	SQL	3318	2037	465	0	MIT License	233749	0.6484543493889288
381	Python	0	6302	0	125	BSD 3-Clause 'New' or 'Revised' License	49651	0.4867002156721783
382	R	0	1891	0	0	MIT License	1946228	0.5377426312005751
383	Swift	0	0	760	203	MIT License	369026	0.3580158159597412
384	C	0	1604	408	449	MIT License	472095	0.5571531272465852
385	Go	2998	2010	1108	0	MIT License	965833	0.5995686556434221
386	VBA	0	3347	55	42	Apache License 2.0	846853	0.29043853342918763
387	Ruby	0	59	418	157	GNU General Public License v3.0	1077375	0.5722501797268152
388	MATLAB	22434	2963	670	0	MIT License	181950	0.39468008626887124
389	PHP	19006	8380	0	53	GNU General Public License v3.0	948138	0.5614665708123652
390	JavaScript	7405	0	0	0	Apache License 2.0	445725	0.6455787203450755
391	HTML/CSS	0	3213	1271	0	GNU General Public License v3.0	2251158	0.7872034507548527
392	HTML/CSS	0	413	1388	341	MIT License	1525399	0.8533429187634796
393	JavaScript	11944	0	968	193	Apache License 2.0	554317	0.48885693745506825
394	Go	12670	5268	515	237	Apache License 2.0	626680	0.4270309130122214
395	C	0	2704	0	355	MIT License	89093	0.3666427030913012
396	Java	0	134	0	0	MIT License	169618	0.22789360172537743
397	JavaScript	0	0	1007	362	MIT License	1241081	0.5514018691588785
398	Python	7599	0	423	0	MIT License	249805	0.45794392523364486
399	VBA	0	342	0	0	Apache License 2.0	40932	0.2544931703810208
400	Rust	8610	5167	754	0	Apache License 2.0	1483107	0.2882818116462976
401	SQL	0	3061	612	209	MIT License	1665502	0.5506829618979152
402	HTML/CSS	6562	0	161	0	MIT License	320065	0.5815959741193386
403	JavaScript	26279	2930	505	0	Eclipse Public License 2.0	151302	0.7030913012221424
404	Swift	36233	0	0	105	Apache License 2.0	1657856	0.3882099209202013
405	Python	0	1346	0	0	Apache License 2.0	263672	0.4507548526240115
406	SQL	44475	4074	221	9	MIT License	898388	0.7059669302659957
407	TypeScript	30806	0	0	0	Apache License 2.0	173647	0.43421998562185476
408	JavaScript	21935	2126	594	164	GNU General Public License v2.0	1466492	0.7656362329259525
409	MATLAB	24588	1465	0	0	GNU General Public License v3.0	1359216	0.6232925952552121
410	HTML/CSS	16230	0	1714	439	MIT License	2579723	0.8094895758447159
411	Python	0	764	1048	0	MIT License	457901	0.3831775700934579
412	C#	26295	0	0	0	GNU General Public License v2.0	80363	0.3846153846153846
413	TypeScript	43127	0	858	101	GNU General Public License v2.0	2454139	0.99784327821711
414	C#	0	9526	2307	0	MIT License	6099590	0.5844716031631919
415	JavaScript	16923	0	1099	0	MIT License	2490986	0.5672178289000719
416	HTML/CSS	0	6109	0	82	MIT License	546594	0.5938173975557154
417	SQL	17538	1316	0	330	BSD 3-Clause 'New' or 'Revised' License	96810	0.6276060388209921
418	Python	0	0	596	0	Apache License 2.0	149828	0.3537023723939612
419	HTML/CSS	0	7064	0	0	MIT License	2049641	0.7958303378864127
420	TypeScript	33056	2419	0	534	MIT License	1431321	0.6405463695183321
421	Java	7212	0	281	48	BSD 3-Clause 'New' or 'Revised' License	50343	0.5240833932422717
422	JavaScript	23240	8344	0	37	MIT License	717070	0.6959022286125089
423	HTML/CSS	38867	1667	7	137	Apache License 2.0	570296	0.40258806613946807
424	C++	2437	0	63	0	MIT License	1819329	0.32566498921639103
425	HTML/CSS	21932	0	645	0	BSD 3-Clause 'New' or 'Revised' License	2551945	0.6973400431344356
426	JavaScript	2991	5812	1549	142	MIT License	1797259	0.685118619698059
427	VBA	28286	6533	0	0	MIT License	193004	0.4744787922358015
428	HTML/CSS	0	2518	269	16	Apache License 2.0	928006	0.3997124370956147
429	SQL	5517	0	0	162	BSD 3-Clause 'New' or 'Revised' License	104794	0.6024442846872754
430	SQL	33975	0	524	0	MIT License	1603532	0.45147375988497485
431	R	22108	0	0	0	MIT License	246743	0.5147375988497483
432	HTML/CSS	0	2799	0	132	MIT License	1486831	0.6901509705248022
433	TypeScript	0	1904	0	0	MIT License	282562	0.5406182602444285
434	Kotlin	0	2093	530	177	MIT License	398353	0.42415528396836805
435	Python	0	4088	0	52	GNU General Public License v3.0	1468402	0.6096333572969087
436	Python	0	3315	879	291	MIT License	1646750	0.3580158159597412
437	Java	8498	932	0	22	MIT License	1716364	0.45794392523364486
438	Kotlin	28990	417	371	277	GNU Lesser General Public License v3.0	857036	0.3443565780014378
439	Python	43953	0	1514	214	MIT License	2507375	0.6204169662113587
440	Python	356	5841	713	424	MIT License	232136	0.8080517613227892
441	Objective-C	45415	0	282	0	MIT License	57542	0.5873472322070452
442	Java	2125	0	536	307	BSD 3-Clause 'New' or 'Revised' License	1974648	0.6484543493889288
443	Ruby	25637	440	0	513	MIT No Attribution	689290	0.6362329259525521
444	SQL	13669	3772	804	0	MIT License	2253824	0.8224299065420559
445	TypeScript	0	254	626	0	MIT License	705446	0.3831775700934579
446	C	0	0	678	0	MIT License	509265	0.4205607476635514
447	C++	40182	1211	1261	0	MIT License	1387720	0.4378145219266714
448	PHP	0	0	0	25	Apache License 1.1	1349764	0.317038102084831
449	JavaScript	32021	604	296	0	BSD 3-Clause 'New' or 'Revised' License	1074644	0.7886412652767792
450	HTML/CSS	581	944	2472	209	MIT License	5305231	0.8051761322789359
451	C++	0	0	1521	292	GNU General Public License v3.0	3406554	0.522645578720345
452	PHP	24786	0	1387	85	MIT License	2575917	0.5880661394680087
453	C	0	0	2241	43	MIT License	6222715	0.642703091301222
454	HTML/CSS	6366	853	1246	0	BSD 3-Clause 'New' or 'Revised' License	2346406	0.5248023005032351
455	SQL	8766	724	0	54	BSD 3-Clause 'New' or 'Revised' License	889400	0.3795830337886413
456	C	32437	0	0	26	MIT License	877387	0.6994967649173257
457	JavaScript	10703	100	631	14	MIT License	255402	0.48741912293314155
458	JavaScript	7569	8038	631	0	MIT License	983187	0.5398993529834651
459	Rust	8222	0	0	225	MIT License	655079	0.582314881380302
460	VBA	0	1050	22	230	MIT License	458085	0.35514018691588783
461	C#	11610	0	162	0	MIT License	1172283	0.5212077641984184
462	HTML/CSS	21011	6457	0	0	BSD 2-Clause 'Simplified' License	1181111	0.7519769949676492
463	Python	0	0	0	0	BSD 3-Clause 'New' or 'Revised' License	972216	0.27677929547088426
464	JavaScript	0	0	0	66	MIT License	320490	0.5844716031631919
465	Java	39116	9416	945	408	BSD 3-Clause 'New' or 'Revised' License	2896881	0.6944644140905822
466	C	21174	4255	1002	0	MIT License	2846103	0.6657081236520488
467	Java	0	6236	687	0	MIT License	889104	0.6010064701653487
468	Python	0	1699	0	125	MIT License	1558629	0.4327821710999281
469	C#	4326	7811	0	438	MIT License	234327	0.5370237239396117
470	Rust	4939	0	363	368	BSD 3-Clause 'New' or 'Revised' License	79107	0.6865564342199857
471	SQL	16050	0	0	0	MIT License	880263	0.4982027318475917
472	TypeScript	0	1837	0	256	MIT License	619048	0.49388928828181167
473	Go	0	782	0	213	MIT License	1118581	0.6901509705248022
474	Java	22401	355	0	0	GNU General Public License v3.0	2212758	0.5319913731128685
475	C#	157	0	0	0	Apache License 2.0	1787858	0.17541337167505391
476	C++	15826	1646	130	61	Mozilla Public License 2.0	1539627	0.19482386772106394
477	Python	18289	5837	0	237	GNU General Public License v3.0	3506323	0.6412652767792953
478	HTML/CSS	5337	13080	0	46	MIT License	2544281	0.5945363048166786
479	JavaScript	1552	984	94	123	GNU General Public License v3.0	1607214	0.41337167505391803
480	Python	23465	408	1560	0	MIT License	1767458	0.7246585190510424
481	JavaScript	11756	4300	0	23	Apache License 2.0	30389	0.3932422717469446
482	Python	57632	6478	0	237	GNU General Public License v2.0	464670	0.6017253774263119
483	SQL	10989	581	0	0	BSD 3-Clause 'New' or 'Revised' License	190890	0.638389647735442
484	MATLAB	17094	0	630	252	MIT License	460476	0.5377426312005751
485	HTML/CSS	3151	0	0	110	GNU Lesser General Public License v2.1	445564	0.5391804457225018
486	JavaScript	30618	2517	466	0	MIT License	1278941	0.5664989216391085
487	Python	9766	0	0	0	Apache License 2.0	120455	0.6139468008626888
488	Java	24479	0	0	0	MIT License	2070224	0.46585190510424146
489	SQL	18886	4237	0	0	BSD 3-Clause 'New' or 'Revised' License	1259784	0.5327102803738317
490	Kotlin	0	8318	794	0	MIT License	33664	0.42415528396836805
491	Java	0	1687	549	62	BSD 3-Clause 'New' or 'Revised' License	331815	0.8245866283249461
492	C++	5260	5585	0	186	MIT License	285833	0.4816678648454349
493	HTML/CSS	44498	1438	1350	0	Apache License 2.0	1242183	0.7390366642703091
494	C#	0	9545	1770	0	MIT License	1953187	0.7505391804457225
495	Python	59560	9259	0	105	GNU General Public License v3.0	215316	0.6132278936017254
496	Python	18359	165	771	182	Mozilla Public License 2.0	137576	0.5470884255930984
497	HTML/CSS	0	0	0	30	MIT License	501047	0.6276060388209921
498	SQL	0	0	641	0	BSD 3-Clause 'New' or 'Revised' License	43385	0.47519769949676494
499	HTML/CSS	21439	0	0	0	BSD 3-Clause 'New' or 'Revised' License	906317	0.6865564342199857
500	Ruby	0	6030	0	124	MIT License	774491	0.7598849748382458
501	Java	11111	4015	0	255	MIT License	300640	0.879942487419123
502	VBA	0	0	0	155	MIT License	897492	0.5650611071171819
503	C	0	0	0	170	BSD 3-Clause 'New' or 'Revised' License	98324	0.5125808770668584
504	Java	0	0	837	82	MIT License	3004748	0.621135873472322
505	Java	22407	0	568	86	MIT License	292507	0.31416247304097766
506	Python	1349	138	913	96	Mozilla Public License 2.0	316323	0.5593098490294752
507	C#	19405	0	957	0	BSD 3-Clause 'New' or 'Revised' License	1793827	0.5168943206326384
508	Python	18739	0	0	82	MIT License	59724	0.6139468008626888
509	C#	10633	940	1542	44	Apache License 2.0	3858751	0.39108554996405465
510	Python	64	0	0	0	MIT License	319253	0.34148094895758446
511	Java	0	7382	0	0	MIT License	753197	0.46369518332135157
512	Go	2278	0	0	0	MIT License	597781	0.40474478792235796
513	Swift	0	0	974	0	MIT No Attribution	1123879	0.5478073328540618
514	JavaScript	0	6907	0	0	MIT License	1458997	0.5636232925952552
515	C	2467	0	291	0	MIT No Attribution	1322045	0.5305535585909418
516	Java	4792	0	0	82	Apache License 2.0	1117961	0.7016534867002157
517	C	19771	2211	1236	0	GNU Affero General Public License v3.0	802622	0.621135873472322
518	C#	26228	4090	0	0	MIT License	1106255	0.7052480230050324
519	Java	0	924	0	0	MIT License	340514	0.2293314162473041
520	Python	29374	0	0	251	MIT License	419588	0.4212796549245147
521	JavaScript	845	2828	232	59	MIT License	478733	0.492451473759885
522	JavaScript	31039	208	0	104	BSD 3-Clause 'New' or 'Revised' License	87059	0.9626168224299065
523	SQL	14166	0	791	343	MIT License	1210046	0.6448598130841121
524	VBA	35534	7677	1548	0	MIT No Attribution	2087321	0.6599568655643422
525	C++	19032	1422	693	288	GNU General Public License v2.0	418124	0.5930984902947519
526	C#	14199	7497	0	163	Apache License 2.0	2984508	0.9396117900790798
527	JavaScript	897	664	88	213	MIT License	2196179	0.5176132278936016
528	Python	21854	2299	0	72	BSD 3-Clause 'New' or 'Revised' License	52251	0.7052480230050324
529	C	5772	0	509	19	Apache License 2.0	475714	0.2868439971243709
530	C++	22490	3968	0	278	BSD 2-Clause 'Simplified' License	140656	0.45003594536304814
531	JavaScript	53157	0	0	26	MIT License	1223357	0.46369518332135157
532	HTML/CSS	21881	1955	1535	27	MIT License	1262098	0.8878504672897195
533	TypeScript	0	0	924	0	MIT License	1334104	0.4335010783608914
534	Scala	21677	6659	0	297	MIT License	1253649	0.5334291876347951
535	Go	24599	0	0	0	MIT License	2197144	0.23076923076923078
536	HTML/CSS	0	8829	87	263	BSD 3-Clause 'New' or 'Revised' License	3054740	0.7929547088425593
537	TypeScript	22405	4184	0	169	MIT License	445880	0.5765636232925953
538	JavaScript	0	1104	821	0	MIT License	2710854	0.4737598849748383
539	Python	0	550	0	77	Apache License 2.0	579513	0.505391804457225
540	TypeScript	15208	0	1071	0	GNU General Public License v3.0	2047687	0.45363048166786485
541	Objective-C	23677	5482	0	0	Apache License 2.0	1792317	0.6196980589503953
542	Objective-C	7089	3350	0	122	Eclipse Public License 2.0	951628	0.47951114306254494
543	Python	7011	0	0	0	Mozilla Public License 2.0	1669332	0.38030194104960463
544	Go	25506	3115	178	126	MIT License	506614	0.4349388928828181
545	Objective-C	1538	348	0	210	Apache License 2.0	1096051	0.6347951114306255
546	Python	0	1217	0	0	MIT License	803320	0.26887131560028754
547	R	17863	0	0	128	GNU General Public License v3.0	170552	0.27102803738317754
548	Swift	7711	2262	0	0	BSD 3-Clause 'New' or 'Revised' License	242950	0.6477354421279655
549	HTML/CSS	0	0	0	0	MIT License	714242	0.5406182602444285
550	Java	24467	4275	0	34	BSD 3-Clause 'New' or 'Revised' License	868613	0.783608914450036
551	C++	0	0	1570	63	BSD 3-Clause 'New' or 'Revised' License	1785264	0.4083393242271747
552	PHP	0	0	0	0	BSD 2-Clause 'Simplified' License	709733	0.509705248023005
553	Java	0	588	851	0	Apache License 2.0	434938	0.8806613946800863
554	JavaScript	22518	0	1830	161	GNU General Public License v3.0	2489093	0.6024442846872754
555	Java	20785	862	888	0	Apache License 2.0	876940	0.638389647735442
556	Python	33155	0	242	320	MIT License	1282889	0.5895039539899354
557	SQL	8556	3633	1042	0	MIT License	1274140	0.6125089863407621
558	MATLAB	17824	2901	119	0	Apache License 2.0	224359	0.5449317038102085
559	PHP	10202	1826	0	30	MIT No Attribution	407846	0.4442846872753415
560	Objective-C	10153	0	415	0	GNU General Public License v3.0	1144220	0.4953271028037384
561	C#	21156	6037	154	68	GNU General Public License v3.0	440320	0.44716031631919484
562	Python	0	2039	127	231	MIT License	857185	0.37311286843997127
563	JavaScript	0	307	839	264	BSD 3-Clause 'New' or 'Revised' License	2745038	0.5197699496764917
564	PHP	18233	2371	579	415	BSD 3-Clause 'New' or 'Revised' License	1372485	0.873472322070453
565	C#	2819	0	0	0	GNU General Public License v3.0	565225	0.5801581595974119
566	Objective-C	0	123	205	156	MIT License	364811	0.393961179007908
567	TypeScript	0	0	898	82	MIT License	1935506	0.4392523364485981
568	Java	0	2820	521	377	MIT License	161455	0.36951833213515456
569	SQL	22762	0	0	56	MIT License	1119583	0.38605319913731123
570	JavaScript	17867	573	0	0	MIT License	740156	0.5061107117181883
571	Ruby	4378	0	1607	0	GNU General Public License v3.0	2591441	0.24658519051042413
572	Python	2231	0	1805	0	MIT License	3925392	0.2731847591660676
573	Python	26484	0	245	327	MIT License	941477	0.43853342918763477
574	C	2536	5964	0	0	MIT License	82099	0.3177570093457944
575	C++	6816	3966	0	0	MIT License	68487	0.41552839683680803
576	Java	5655	0	851	182	Apache License 2.0	1552169	0.5506829618979152
577	VBA	5636	463	0	225	Apache License 2.0	226218	0.3687994248741912
578	JavaScript	55298	1704	615	0	MIT License	281459	0.6549245147375988
579	Swift	17963	4435	0	439	MIT License	715803	0.5715312724658519
580	JavaScript	3058	0	0	0	MIT License	504435	0.47088425593098493
581	Python	0	0	676	61	MIT License	765818	0.7160316319194824
582	Objective-C	0	0	0	0	MIT License	293471	0.3421998562185478
583	Python	4385	0	875	0	MIT License	460657	0.39108554996405465
584	JavaScript	7299	2673	0	146	MIT License	1520233	0.3817397555715312
585	VBA	61420	912	0	0	Apache License 2.0	1600927	0.5621854780733285
586	TypeScript	40282	0	0	28	MIT License	2578806	0.638389647735442
587	JavaScript	7748	6592	0	183	MIT License	1919874	0.6477354421279655
588	Scala	22311	7634	0	30	Creative Commons Zero v1.0 Universal	59169	0.33788641265276775
589	Python	14476	0	733	77	MIT License	1407612	0.48454349388928825
590	SQL	38138	2966	0	0	GNU General Public License v2.0	873177	0.7304097771387491
591	Swift	8126	1331	0	0	Apache License 1.1	1841962	0.42846872753414805
592	C++	0	0	537	414	MIT License	277524	0.43062544931703806
593	C#	0	591	2196	0	MIT License	4448313	0.5391804457225018
594	Rust	11717	354	0	71	MIT License	1086407	0.36304816678648455
595	Java	8643	0	0	0	Apache License 2.0	1808839	0.514018691588785
596	HTML/CSS	10073	0	0	0	GNU General Public License v2.0	349646	0.37383177570093457
597	C#	0	0	0	27	GNU General Public License v3.0	92525	0.4780733285406183
598	Python	0	6111	638	0	MIT License	1404506	0.6563623292595255
599	SQL	5462	0	0	0	Apache License 2.0	235190	0.40258806613946807
600	C#	27340	808	0	402	Mozilla Public License 2.0	1552425	0.8109273903666426
601	SQL	16932	4574	0	0	MIT License	624831	0.5650611071171819
602	JavaScript	0	0	0	0	MIT License	272147	0.28109273903666426
603	Ruby	43652	0	17	0	Apache License 2.0	1435035	0.4730409777138748
604	Python	0	3172	53	0	MIT License	2141284	0.6218547807332854
605	PHP	57227	6623	1428	0	Apache License 2.0	1148694	0.46585190510424146
606	SQL	43932	1292	0	122	MIT License	53611	0.8008626887131559
607	PHP	9768	3409	664	76	MIT License	636572	0.7541337167505391
608	SQL	24229	0	1410	136	MIT License	2596411	0.6578001437814522
609	JavaScript	0	0	1151	169	MIT License	1041248	0.5837526959022287
610	Java	32586	3316	0	0	GNU General Public License v3.0	1172370	0.518332135154565
611	Scala	0	8637	567	98	MIT License	1093227	0.4450035945363048
612	Swift	0	0	0	267	MIT License	1228725	0.22645578720345075
613	Java	7553	8967	0	0	MIT License	2226774	0.9432063263838965
614	SQL	0	0	0	182	MIT License	1498838	0.45363048166786485
615	C#	3547	0	956	358	Apache License 2.0	1046745	0.7526959022286125
616	Scala	7094	3989	0	0	MIT License	336036	0.7081236520488856
617	HTML/CSS	37082	4371	483	0	GNU General Public License v2.0	1245493	0.8202731847591661
618	Kotlin	5385	2867	588	0	BSD 3-Clause 'New' or 'Revised' License	2165107	0.30913012221423436
619	Swift	23344	4218	617	19	Eclipse Public License 2.0	1177664	0.6707404744787923
620	TypeScript	22707	3985	0	202	GNU Lesser General Public License v3.0	266774	0.7095614665708123
621	VBA	4685	1	0	454	GNU Affero General Public License v3.0	505383	0.7677929547088426
622	SQL	9369	0	0	0	BSD 3-Clause 'New' or 'Revised' License	245590	0.2113587347232207
623	HTML/CSS	26051	3852	0	226	Apache License 2.0	365027	0.6312005751258087
624	SQL	0	0	0	0	MIT License	390859	0.5981308411214954
625	Java	101	513	0	0	BSD 3-Clause 'New' or 'Revised' License	380941	0.5104241552839683
626	PHP	0	867	760	220	Apache License 2.0	1153321	0.7692307692307693
627	Python	224	8184	0	161	Mozilla Public License 2.0	161443	0.4816678648454349
628	Rust	21690	1869	176	5	MIT License	915128	0.5607476635514019
629	JavaScript	10862	2464	0	296	Apache License 2.0	476777	0.7699496764917325
630	Java	0	4339	0	131	BSD 2-Clause 'Simplified' License	1290408	0.5514018691588785
631	PHP	0	917	0	230	MIT License	139070	0.33788641265276775
632	HTML/CSS	19041	0	1238	0	MIT License	792186	0.3515456506110712
633	Objective-C	0	0	66	54	GNU General Public License v3.0	1322837	0.3687994248741912
634	Python	0	0	1018	480	Apache License 2.0	388076	0.7850467289719627
635	VBA	10687	0	351	0	Apache License 2.0	919083	0.4205607476635514
636	Python	0	2862	0	0	MIT License	196970	0.3220704529115744
637	C#	0	0	0	485	MIT License	2069520	0.518332135154565
638	C++	0	0	1002	363	Eclipse Public License 2.0	1286761	0.4083393242271747
639	Scala	0	0	0	0	GNU General Public License v3.0	487928	0.27893601725377426
640	R	0	0	334	337	MIT License	187401	0.4421279654924515
641	Python	20069	0	0	63	MIT License	369305	0.18763479511143064
642	Go	25522	0	0	0	MIT License	1216562	0.4867002156721783
643	Java	7954	0	880	154	MIT License	344820	0.3975557153127246
644	SQL	24700	2009	0	0	Apache License 2.0	809691	0.48382458662832495
645	SQL	7219	4858	1026	0	MIT License	65475	0.4651329978432782
646	SQL	0	0	516	70	GNU Lesser General Public License v2.1	594866	0.6110711718188354
647	Python	7520	0	0	54	MIT License	686983	0.25521207764198417
648	HTML/CSS	32803	8056	844	0	Apache License 2.0	2143379	0.6326383896477353
649	C	25017	215	0	0	Apache License 2.0	2005764	0.5887850467289719
650	PHP	9198	2674	0	0	Apache License 2.0	731157	0.4960460100647016
651	C	5479	2164	0	113	BSD 3-Clause 'New' or 'Revised' License	58286	0.6074766355140186
652	Rust	0	1754	417	123	MIT License	519507	0.5880661394680087
653	Scala	0	2988	0	256	MIT License	228281	0.6901509705248022
654	C#	15404	6615	0	179	GNU General Public License v2.0	549008	0.6585190510424155
655	R	0	0	0	228	Eclipse Public License 2.0	981446	0.12796549245147376
656	C	0	0	0	0	BSD 3-Clause 'New' or 'Revised' License	1220435	0.39468008626887124
657	C++	3987	0	477	0	MIT License	692512	0.4543493889288282
658	C++	2412	4390	130	0	MIT License	145755	0.20776419841840402
659	Python	38339	0	120	156	MIT License	1046779	0.693745506829619
660	Swift	18269	0	202	0	BSD 3-Clause 'New' or 'Revised' License	1749053	0.4421279654924515
661	PHP	0	0	0	0	BSD 2-Clause 'Simplified' License	840690	0.48741912293314155
662	HTML/CSS	0	234	0	0	MIT License	901570	0.6175413371675054
663	Rust	0	33	1236	17	GNU Lesser General Public License v3.0	1719994	0.45938173975557156
664	TypeScript	1387	6136	330	0	MIT License	400451	0.26815240833932424
665	Python	10085	0	0	168	Apache License 2.0	1244585	0.2753414809489576
666	PHP	16247	0	0	137	Apache License 2.0	472218	0.5679367361610352
667	Java	20272	6887	0	0	MIT License	1431460	0.37167505391804456
668	HTML/CSS	0	0	1109	51	GNU Lesser General Public License v2.1	973165	0.4442846872753415
669	Java	5130	631	412	399	Apache License 2.0	1017083	0.30265995686556435
670	Java	33758	3999	0	0	MIT License	198242	0.7958303378864127
671	Python	4639	4264	626	467	MIT License	349644	0.5420560747663551
672	Java	0	0	488	0	MIT License	724730	0.7059669302659957
673	Python	26422	0	0	0	MIT License	682391	0.4780733285406183
674	Java	0	10355	493	0	GNU General Public License v3.0	231340	0.40905823148813797
675	SQL	6571	6435	353	246	BSD 3-Clause 'New' or 'Revised' License	450102	0.5398993529834651
676	C++	0	0	0	7	MIT License	1266335	0.5132997843278216
677	Java	22506	0	0	0	Apache License 2.0	666963	0.297627606038821
678	PHP	0	3560	0	0	Apache License 2.0	145467	0.5370237239396117
679	Scala	0	4506	724	0	MIT No Attribution	409263	0.1998562185478073
680	HTML/CSS	6328	228	0	56	Eclipse Public License 2.0	1280185	0.4335010783608914
681	R	40305	2880	1796	124	MIT License	4092021	0.4737598849748383
682	Python	0	7218	0	0	MIT License	19747	0.30337886412652765
683	TypeScript	193	2713	0	0	BSD 3-Clause 'New' or 'Revised' License	1024609	0.017253774263120032
684	PHP	0	4174	249	61	MIT License	136323	0.511861969805895
685	Swift	0	2367	2901	133	MIT License	8157020	0.7562904385334293
686	HTML/CSS	0	0	1044	0	MIT License	1768804	0.4234363767074047
687	TypeScript	32075	0	0	171	MIT No Attribution	133586	0.47519769949676494
688	SQL	0	0	0	19	MIT License	150010	0.595255212077642
689	MATLAB	15466	4854	933	9	MIT License	767024	0.595255212077642
690	SQL	0	1173	0	0	GNU Lesser General Public License v2.1	531160	0.7210639827462256
691	C	0	0	0	105	MIT License	1709695	0.37167505391804456
692	C#	22654	1341	501	190	MIT License	148920	0.41984184040258804
693	VBA	5544	406	0	162	MIT License	1794080	0.2537742631200575
694	HTML/CSS	24844	5226	0	168	MIT License	525594	0.723939611790079
695	C++	0	1357	0	0	GNU General Public License v3.0	1070078	0.5111430625449317
696	SQL	30453	306	531	0	MIT License	409894	0.4780733285406183
697	VBA	28305	0	0	99	Eclipse Public License 2.0	325139	0.4737598849748383
698	HTML/CSS	27337	0	0	0	Apache License 2.0	666134	0.5966930265995687
699	TypeScript	0	10550	0	148	MIT License	269943	0.5420560747663551
700	Kotlin	2796	0	0	158	Apache License 2.0	955929	0.2882818116462976
701	C#	0	0	0	620	Apache License 2.0	393696	0.48885693745506825
702	JavaScript	13235	2171	0	453	GNU General Public License v3.0	571324	0.6412652767792953
703	Objective-C	42298	0	0	172	MIT License	337353	0.8138030194104959
704	Scala	18577	0	0	0	MIT License	49872	0.4033069734004313
705	PHP	7263	0	0	0	MIT License	1472232	0.2739036664270309
706	TypeScript	9560	2403	1583	143	MIT License	3091367	0.7311286843997123
707	HTML/CSS	0	0	0	0	Apache License 2.0	857410	0.642703091301222
708	JavaScript	17917	110	608	0	MIT License	277059	0.6283249460819553
709	Ruby	7279	1206	0	0	GNU Lesser General Public License v3.0	163349	0.5851905104241553
710	HTML/CSS	0	8605	0	67	MIT No Attribution	109230	0.45363048166786485
711	SQL	16390	3387	1449	164	MIT No Attribution	3542336	0.6513299784327821
712	R	13194	1252	0	267	MIT License	217806	0.8475916606757729
713	R	14331	0	0	200	Apache License 2.0	334143	0.2293314162473041
714	Python	22777	5718	122	175	Mozilla Public License 2.0	1328322	0.6901509705248022
715	Python	43485	362	45	0	MIT No Attribution	1497129	0.672178289000719
716	HTML/CSS	21062	547	0	0	BSD 3-Clause 'New' or 'Revised' License	651852	0.6649892163910855
717	TypeScript	9754	3581	1448	0	MIT License	999118	0.5765636232925953
718	C#	47088	0	0	0	GNU General Public License v3.0	561905	0.6987778576563624
719	HTML/CSS	0	0	1588	262	Apache License 1.1	2461310	0.803019410496046
720	HTML/CSS	12916	924	1158	487	MIT License	1677964	0.6879942487419123
721	HTML/CSS	0	1152	917	314	MIT License	2800628	0.7038102084831057
722	HTML/CSS	8441	0	19	216	MIT License	1341169	0.5168943206326384
723	Python	2706	2613	1015	0	MIT License	1473948	0.8303378864126528
724	TypeScript	0	5916	0	0	BSD 3-Clause 'New' or 'Revised' License	533540	0.7951114306254494
725	Python	39562	0	0	0	MIT License	782878	0.40043134435657796
726	SQL	0	0	1408	0	MIT License	1667058	0.803019410496046
727	SQL	782	0	0	207	MIT License	2043836	0.6843997124370956
728	Java	0	1016	1780	0	Apache License 2.0	2172777	0.37167505391804456
729	Objective-C	24457	4526	0	6	Creative Commons Zero v1.0 Universal	794906	0.6240115025161753
730	Swift	9080	0	917	0	Creative Commons Zero v1.0 Universal	1506406	0.42199856218547804
731	Kotlin	15007	0	0	0	MIT License	1336235	0.5744069015097052
732	Go	22586	3328	55	226	BSD 3-Clause 'New' or 'Revised' License	1763938	0.5319913731128685
733	R	1462	0	556	0	MIT License	1308516	0.37526959022286127
734	C#	29816	0	2112	0	GNU General Public License v3.0	3267515	0.6966211358734724
735	VBA	31785	0	0	0	BSD 2-Clause 'Simplified' License	99153	0.2911574406901509
736	Java	0	0	560	0	MIT License	101289	0.35657800143781454
737	VBA	33999	0	0	52	MIT License	246716	0.43062544931703806
738	HTML/CSS	0	1027	0	115	Apache License 2.0	144330	0.5197699496764917
739	C	33488	56	0	195	MIT License	84302	0.5837526959022287
740	SQL	40418	1926	0	66	MIT License	386831	0.877785765636233
741	Java	23826	0	0	0	Apache License 2.0	522796	0.6736161035226456
742	Java	0	3029	0	0	MIT License	358337	0.46225736879942486
743	JavaScript	0	2091	0	0	MIT License	689354	0.3989935298346513
744	C#	0	0	0	0	BSD 3-Clause 'New' or 'Revised' License	817192	0.4069015097052481
745	Java	0	0	50	0	BSD 3-Clause 'New' or 'Revised' License	288613	0.4953271028037384
746	C	0	0	0	10	MIT No Attribution	298656	0.36089144500359455
747	MATLAB	0	0	0	0	Apache License 1.1	2268222	0.2890007189072609
748	SQL	0	0	0	395	BSD 3-Clause 'New' or 'Revised' License	1175669	0.634076204169662
749	HTML/CSS	21710	625	0	0	BSD 3-Clause 'New' or 'Revised' License	1444433	0.42559309849029475
750	HTML/CSS	5911	1093	0	0	MIT License	1053267	0.4234363767074047
751	HTML/CSS	38325	1544	0	51	MIT License	1044486	0.46297627606038816
752	SQL	13400	0	1896	150	GNU General Public License v2.0	3433855	0.774982027318476
753	PHP	0	7872	1776	0	MIT License	3467766	0.5506829618979152
754	Python	0	0	0	166	GNU General Public License v3.0	1496718	0.2760603882099209
755	Python	0	8244	0	195	BSD 3-Clause 'New' or 'Revised' License	968499	0.6362329259525521
756	VBA	30074	988	0	0	MIT License	401625	0.4169662113587347
757	Python	10905	1155	0	310	MIT License	917565	0.20057512580877065
758	HTML/CSS	0	2952	814	0	Apache License 2.0	141341	0.6139468008626888
759	SQL	30625	926	423	471	GNU General Public License v2.0	900467	0.6858375269590222
760	C++	0	2595	389	222	MIT License	2070782	0.586628324946082
761	VBA	41079	7723	1179	104	GNU Affero General Public License v3.0	1528206	0.5298346513299784
762	TypeScript	6957	8199	0	141	MIT License	748445	0.46225736879942486
763	C++	4423	0	0	0	GNU General Public License v2.0	945508	0.6786484543493889
764	SQL	0	6199	0	219	BSD 3-Clause 'New' or 'Revised' License	508087	0.8015815959741194
765	JavaScript	9320	1062	201	0	MIT License	146476	0.5355859094176851
766	JavaScript	10328	0	0	179	MIT License	1353330	0.26887131560028754
767	Rust	1446	0	0	0	MIT License	1586515	0.4464414090582315
768	HTML/CSS	20727	0	191	308	Apache License 2.0	1552028	0.6139468008626888
769	C#	4730	0	432	0	MIT License	733604	0.5003594536304816
770	Rust	15255	2422	1172	0	MIT License	2146489	0.27677929547088426
771	Java	0	4492	0	237	MIT License	1013441	0.7498202731847591
772	C#	28619	1271	598	62	MIT License	244215	0.4399712437095615
773	JavaScript	15996	961	0	0	MIT License	900471	0.672178289000719
774	Ruby	25738	0	0	29	Apache License 2.0	75310	0.4730409777138748
775	JavaScript	34389	9426	0	0	GNU Lesser General Public License v3.0	909059	0.8224299065420559
776	C++	0	12715	0	57	MIT License	845090	0.6276060388209921
777	TypeScript	1241	3379	0	0	MIT No Attribution	424027	0.40546369518332137
778	JavaScript	0	286	250	0	MIT License	937612	0.39611790079079795
779	R	30864	0	612	40	MIT License	950407	0.5895039539899354
780	SQL	3228	0	0	0	MIT No Attribution	27887	0.49388928828181167
781	JavaScript	37752	8004	0	345	MIT License	336477	0.7972681524083393
782	Java	0	9628	0	228	GNU General Public License v3.0	279412	0.7375988497483824
783	Java	0	0	2250	149	GNU General Public License v3.0	4889217	0.6793673616103523
784	Scala	4337	1432	574	0	MIT License	1975855	0.5190510424155284
785	HTML/CSS	52401	4393	206	179	BSD 3-Clause 'New' or 'Revised' License	540387	0.8404025880661394
786	VBA	47619	0	2293	330	BSD 3-Clause 'New' or 'Revised' License	6036902	0.5751258087706687
787	SQL	39742	1971	0	0	Apache License 2.0	208591	0.42559309849029475
788	Swift	42525	0	0	0	MIT License	523229	0.45794392523364486
789	Java	0	0	1607	185	BSD 3-Clause 'New' or 'Revised' License	3837702	0.5262401150251618
790	HTML/CSS	0	264	0	0	BSD 3-Clause 'New' or 'Revised' License	99927	0.15600287562904383
791	Kotlin	45771	0	121	0	MIT License	162983	0.6010064701653487
792	SQL	3867	1182	280	0	MIT License	383054	0.8461538461538461
793	Java	19270	0	0	0	Apache License 2.0	358991	0.5262401150251618
794	Python	15183	0	157	0	MIT License	694404	0
795	Python	30401	7858	1032	140	MIT License	1146061	0.7318475916606758
796	TypeScript	7413	0	381	0	MIT License	1060597	0.5794392523364487
797	C#	23705	0	0	0	GNU Lesser General Public License v3.0	640491	0.3817397555715312
798	C	0	2603	963	276	GNU General Public License v3.0	970578	0.7512580877066858
799	R	33671	1868	0	0	Apache License 2.0	846028	0.38605319913731123
800	Rust	0	0	0	0	Apache License 2.0	97485	0.47160316319194817
801	C	35657	0	0	0	MIT License	1256951	0.48957584471603166
802	Rust	24758	6096	0	42	GNU General Public License v2.0	886663	0.689432063263839
803	Ruby	16382	0	1258	40	MIT License	1619081	0.16894320632638388
804	HTML/CSS	30996	2360	0	0	GNU General Public License v2.0	2007130	0.48526240115025165
805	Ruby	24452	2244	817	0	Apache License 2.0	27917	0.4040258806613947
806	R	0	0	217	0	MIT License	2223079	0.44787922358015814
807	C#	2708	1162	0	175	MIT License	782886	0.629762760603882
808	Kotlin	0	2240	486	0	GNU General Public License v3.0	1501979	0.37167505391804456
809	Go	14189	4371	1013	46	GNU General Public License v2.0	53801	0.6664270309130123
810	PHP	0	988	756	0	GNU General Public License v2.0	757639	0.6168224299065421
811	Python	0	131	0	0	MIT License	88529	0.4917325664989216
812	C++	29563	392	0	0	GNU General Public License v2.0	1544775	0.5104241552839683
813	Swift	30023	2856	0	89	GNU General Public License v3.0	175814	0.5600287562904385
814	R	10464	5500	0	431	MIT License	590333	0.5204888569374551
815	TypeScript	0	0	225	0	BSD 3-Clause 'New' or 'Revised' License	1552943	0.5190510424155284
816	JavaScript	10707	559	632	137	BSD 2-Clause 'Simplified' License	1733082	0.9489575844716032
817	HTML/CSS	20619	0	0	171	MIT License	1924877	0.48526240115025165
818	Objective-C	19871	0	0	204	MIT License	504125	0.719626168224299
819	TypeScript	2090	0	689	594	GNU General Public License v3.0	307512	0.685118619698059
820	PHP	19518	4339	482	62	MIT License	104495	1
821	HTML/CSS	0	509	0	14	MIT License	1066182	0.4335010783608914
822	Go	1822	2054	814	101	GNU General Public License v3.0	580000	0.4212796549245147
823	JavaScript	478	0	1479	323	MIT License	3005767	0.7318475916606758
824	C#	11558	6348	0	17	MIT License	557881	0.492451473759885
825	C#	10059	3681	0	0	MIT License	1353887	0.48310567936736154
826	Python	9467	1767	0	409	MIT License	355810	0.6376707404744788
827	TypeScript	15017	0	0	0	MIT License	1037648	0.3637670740474479
828	PHP	21059	0	0	0	MIT License	11611	0.49892163910855497
829	Python	31110	4150	254	13	MIT License	864815	0.5463695183321352
830	Python	3591	962	375	235	MIT License	181980	0.5341480948957584
831	Python	0	734	1396	299	MIT License	1306315	0.6527677929547088
832	Python	0	0	1043	0	GNU General Public License v2.0	1017845	0.4982027318475917
833	Java	19203	0	502	0	MIT License	1569974	0.5672178289000719
834	SQL	10066	0	1273	0	MIT License	1352870	0.6542056074766355
835	Java	2657	0	0	0	Apache License 2.0	193846	0.04169662113587347
836	Kotlin	0	237	0	24	MIT License	1278196	0.45794392523364486
837	TypeScript	3759	159	0	315	Apache License 2.0	1626282	0.3723939611790079
838	C#	4137	0	1538	112	MIT License	2032942	0.6592379583033788
839	HTML/CSS	8886	9046	32	79	MIT License	761136	0.5298346513299784
840	Ruby	802	3500	0	0	MIT License	2340274	0.5068296189791517
841	HTML/CSS	13046	1886	947	307	Apache License 2.0	613940	0.6685837526959022
842	SQL	23446	1022	0	0	Apache License 2.0	10067	0.5887850467289719
843	Java	30559	0	1637	0	BSD 2-Clause 'Simplified' License	1889349	0.7260963335729691
844	TypeScript	0	3140	1079	403	MIT License	156653	0.6484543493889288
845	JavaScript	0	380	0	0	GNU General Public License v3.0	561022	0.5125808770668584
846	Rust	5029	2441	13	179	BSD 3-Clause 'New' or 'Revised' License	1480074	0.5420560747663551
847	Java	4238	0	945	0	MIT License	823693	0.39611790079079795
848	JavaScript	0	0	0	159	MIT License	738239	0.3889288281811646
849	Objective-C	0	5525	120	0	GNU Affero General Public License v3.0	2234747	0.5032350826743349
850	JavaScript	7620	0	487	0	BSD 3-Clause 'New' or 'Revised' License	419832	0.43206326383896476
851	SQL	0	2959	1016	0	Apache License 2.0	884471	0.45147375988497485
852	Ruby	1929	0	416	78	BSD 3-Clause 'New' or 'Revised' License	699406	0.5686556434219985
853	JavaScript	21126	0	0	16	MIT License	829396	0.43421998562185476
854	Kotlin	30018	4308	607	219	MIT License	88777	0.7807332854061827
855	HTML/CSS	24458	2563	0	0	Apache License 2.0	152628	0.700215672178289
856	Ruby	0	2388	0	364	MIT License	905444	0.6513299784327821
857	C#	34547	4947	1942	38	Apache License 2.0	4239751	0.8921639108554995
858	MATLAB	7738	0	865	197	BSD 2-Clause 'Simplified' License	450207	0.6161035226455787
859	C#	25845	0	255	40	MIT License	1174756	0.7656362329259525
860	TypeScript	38436	0	0	34	MIT License	128266	0.40977713874910143
861	C	27594	0	1213	373	MIT License	2109310	0.5398993529834651
862	JavaScript	14771	0	0	172	MIT License	332138	0.6189791516894321
863	C#	18206	0	0	163	Apache License 2.0	954405	0.5406182602444285
864	TypeScript	32575	4428	0	230	MIT License	402671	0.6714593817397555
865	Python	0	0	0	0	MIT License	915053	0.23292595255212079
866	Java	21801	1715	1765	361	MIT License	1631090	0.6232925952552121
867	SQL	0	0	249	27	Mozilla Public License 2.0	1935920	0.6182602444284686
868	MATLAB	0	0	0	24	GNU General Public License v3.0	293610	0.3306973400431344
869	SQL	0	0	1240	161	MIT License	1607925	0.8289000718907261
870	SQL	20025	994	0	290	MIT License	94632	0.5506829618979152
871	JavaScript	24365	9921	2242	31	GNU General Public License v3.0	5290164	0.5607476635514019
872	MATLAB	16094	5414	0	0	MIT License	2049352	0.30697340043134436
873	SQL	30768	0	632	593	MIT License	2012017	0.5276779295470884
874	C#	0	0	405	183	BSD 3-Clause 'New' or 'Revised' License	422229	0.5319913731128685
875	C#	5571	943	0	0	Apache License 2.0	405060	0.6757728253055355
876	Python	0	0	356	3	MIT License	412024	0.22358015815959742
877	SQL	20296	4734	316	95	MIT License	1013147	0.766355140186916
878	C#	19229	577	1126	0	Apache License 2.0	2669813	0.6513299784327821
879	VBA	2225	3848	1123	38	Creative Commons Zero v1.0 Universal	1152034	0.4414090582314881
880	MATLAB	37099	473	0	0	Apache License 2.0	268718	0.3537023723939612
881	Java	0	362	0	0	MIT License	308110	0.6649892163910855
882	Java	1971	0	0	331	Apache License 2.0	1322747	0.7074047447879224
883	Python	0	0	78	54	MIT License	1234725	0.40258806613946807
884	JavaScript	6729	1016	0	0	BSD 3-Clause 'New' or 'Revised' License	1138235	0.41409058231488144
885	R	28255	0	0	0	MIT License	1780676	0.4406901509705248
886	C++	0	0	0	0	BSD 2-Clause 'Simplified' License	256492	0.44572250179726813
887	Ruby	40222	9000	969	70	MIT License	1384834	0.7958303378864127
888	HTML/CSS	0	3844	111	241	MIT License	956372	0.4680086268871316
889	Python	0	3282	0	363	MIT License	119897	0.5478073328540618
890	HTML/CSS	0	2231	784	0	Apache License 2.0	448945	0.8001437814521927
891	Objective-C	0	3983	517	141	BSD 3-Clause 'New' or 'Revised' License	243975	0.5830337886412652
892	C#	0	2375	871	90	MIT License	334674	0.4184040258806614
893	SQL	0	5237	0	210	GNU General Public License v3.0	6229	0.4694464414090582
894	SQL	23966	0	100	143	BSD 3-Clause 'New' or 'Revised' License	432373	0.8209920920201293
895	C#	55254	442	0	0	MIT License	668941	0.7483824586628325
896	R	26425	5557	1897	0	MIT License	5057959	0.4464414090582315
897	C++	4657	0	1232	0	MIT License	611590	0.6125089863407621
898	SQL	28103	0	0	0	MIT License	346695	0.6067577282530554
899	SQL	0	2719	0	61	MIT License	873660	0.2717469446441409
900	Python	22814	0	0	90	BSD 3-Clause 'New' or 'Revised' License	240070	0.552839683680805
901	TypeScript	21706	5415	541	0	GNU General Public License v3.0	286723	0.5003594536304816
902	Python	0	681	835	334	MIT License	1538735	0.5082674335010783
903	Swift	0	4178	1033	431	BSD 3-Clause 'New' or 'Revised' License	2857546	0.6175413371675054
904	TypeScript	14389	454	35	0	MIT License	568183	0.6570812365204888
905	TypeScript	2074	5184	640	0	GNU Lesser General Public License v3.0	1382325	0.39611790079079795
906	HTML/CSS	0	0	748	0	Apache License 2.0	457538	0.4291876347951114
907	C#	25526	0	0	63	MIT License	1655050	0.5830337886412652
908	JavaScript	7159	0	951	325	MIT License	1294055	0.7505391804457225
909	C#	35179	0	2089	191	MIT License	4244504	0.7426312005751258
910	JavaScript	0	1526	1285	0	MIT License	1348167	0.6455787203450755
911	SQL	0	0	201	69	BSD 2-Clause 'Simplified' License	479083	0.4910136592379583
912	C#	39661	0	1091	0	MIT License	1473462	0.719626168224299
913	JavaScript	115	5902	0	0	GNU Lesser General Public License v3.0	768490	0.6513299784327821
914	SQL	25184	0	0	140	MIT No Attribution	400161	0.5478073328540618
915	Go	25077	652	1003	124	BSD 3-Clause 'New' or 'Revised' License	1354616	0.552839683680805
916	TypeScript	12106	1637	930	0	GNU General Public License v2.0	744908	0.41409058231488144
917	TypeScript	14499	0	1585	91	GNU General Public License v3.0	3556296	0.5204888569374551
918	R	32884	0	769	0	MIT License	514881	0.578001437814522
919	C#	4946	3387	0	0	Mozilla Public License 2.0	137799	0.46153846153846145
920	PHP	0	0	0	571	GNU General Public License v3.0	1137060	0.5808770668583753
921	Java	20622	0	0	217	MIT License	2128028	0.44787922358015814
922	Java	0	0	0	0	Apache License 2.0	418088	0.4234363767074047
923	Python	16728	3168	55	131	MIT License	886724	0.4687275341480948
924	Kotlin	5129	0	0	20	Apache License 2.0	908696	0.35873472322070454
925	C#	9999	0	238	0	BSD 3-Clause 'New' or 'Revised' License	1650255	0.4191229331416247
926	Java	9165	0	1060	0	MIT License	1131933	0.5988497483824586
927	TypeScript	26903	5793	690	0	GNU General Public License v3.0	2157382	0.5851905104241553
928	PHP	1097	3324	0	0	MIT License	182721	0.8353702372393961
929	VBA	0	0	402	0	MIT License	216318	0.23292595255212079
930	TypeScript	25294	1501	1349	262	GNU General Public License v3.0	1375999	0.5255212077641984
931	Python	32876	3118	0	244	BSD 3-Clause 'New' or 'Revised' License	753894	0.6959022286125089
932	Go	20369	1321	0	0	MIT License	324255	0.5298346513299784
933	Objective-C	19521	1049	0	0	MIT License	478236	0.39180445722501794
934	PHP	32002	0	203	12	BSD 3-Clause 'New' or 'Revised' License	690101	0.5794392523364487
935	C#	2402	0	0	0	MIT License	436027	0.47879223580158153
936	HTML/CSS	27315	0	446	115	MIT License	224350	0.7627606038820992
937	Python	30733	2982	0	0	Apache License 2.0	107009	0.5032350826743349
938	SQL	9998	8126	513	0	MIT License	2218876	0.3788641265276779
939	Scala	27936	6429	0	0	Apache License 2.0	1242566	0.8483105679367361
940	JavaScript	1054	3372	640	238	MIT License	263490	0.7634795111430626
941	SQL	0	0	168	87	MIT License	651853	0.44356578001437813
942	SQL	72	2589	0	189	MIT License	48048	0.5341480948957584
943	C++	0	8385	0	41	MIT License	228252	0.5269590222861251
944	C#	23729	1806	1830	46	MIT License	3736667	0.5693745506829619
945	JavaScript	0	1766	875	0	MIT License	1736866	0.8770668583752695
946	Python	0	5573	0	51	MIT License	997916	0.4902947519769949
947	C#	23114	2501	529	211	BSD 3-Clause 'New' or 'Revised' License	97098	0.7311286843997123
948	SQL	33471	7204	0	207	MIT License	1500005	0.8375269590222861
949	Java	24949	0	252	0	GNU General Public License v2.0	1608099	0.5650611071171819
950	Python	11106	0	1453	139	MIT License	2046923	0.7713874910136592
951	Objective-C	0	6944	0	0	GNU General Public License v3.0	440218	0.5535585909417685
952	Rust	12774	3791	115	0	BSD 3-Clause 'New' or 'Revised' License	349786	0.5168943206326384
953	Kotlin	46143	1044	0	93	GNU General Public License v2.0	516879	0.45938173975557156
954	Rust	0	0	380	0	Apache License 2.0	1444085	0.3450754852624011
955	Objective-C	7512	0	1786	0	MIT License	3903995	0.578001437814522
956	Java	0	5254	0	11	Apache License 2.0	2005628	0.40043134435657796
957	SQL	0	4561	43	0	Apache License 2.0	436426	0.7843278217109992
958	Java	20098	8496	343	76	BSD 3-Clause 'New' or 'Revised' License	1070440	0.5032350826743349
959	Ruby	0	1259	0	289	MIT License	1460593	0.3342918763479511
960	C++	9392	4057	455	230	Apache License 2.0	945047	0.4910136592379583
961	JavaScript	0	0	575	52	MIT License	1736223	0.4687275341480948
962	R	43485	0	2067	0	BSD 3-Clause 'New' or 'Revised' License	4853582	0.5463695183321352
963	Scala	3622	1635	318	22	GNU General Public License v2.0	2451990	0.4996405463695184
964	TypeScript	0	6577	850	0	BSD 3-Clause 'New' or 'Revised' License	247116	0.5291157440690151
965	C++	32326	0	1914	190	MIT License	5172476	0.5248023005032351
966	HTML/CSS	34256	0	664	318	GNU General Public License v3.0	1039593	0.7433501078360891
967	Python	1062	7646	0	48	MIT License	466874	0.505391804457225
968	C	13848	1619	0	0	MIT License	2771436	0.4104960460100647
969	SQL	16036	0	1860	0	GNU Lesser General Public License v3.0	4231288	0.5233644859813084
970	Python	0	0	0	0	MIT License	308954	0.39468008626887124
971	SQL	0	5962	0	0	GNU General Public License v3.0	557532	0.6657081236520488
972	Java	5703	0	228	213	MIT License	229545	0.4083393242271747
973	Python	0	1071	0	28	Apache License 2.0	368777	0.36161035226455784
974	SQL	22283	1097	39	0	Apache License 2.0	331961	0.6477354421279655
975	JavaScript	0	0	1714	44	MIT License	2819491	0.3544212796549245
976	C#	4326	845	386	76	MIT License	219069	0.4212796549245147
977	TypeScript	29485	4555	0	0	GNU General Public License v2.0	1843509	0.8080517613227892
978	TypeScript	17689	3218	0	146	Apache License 2.0	1039124	0.5197699496764917
979	SQL	18377	5862	373	19	Apache License 2.0	197200	0.7685118619698058
980	Python	17048	2616	1097	379	MIT License	2013352	0.698058950395399
981	C#	3348	0	490	0	MIT License	139726	0.7562904385334293
982	Go	43179	0	0	182	MIT License	867494	0.5708123652048885
983	Java	5720	5753	0	6	Apache License 2.0	2420580	0.45147375988497485
984	PHP	0	0	625	301	MIT License	360375	0.3767074047447879
985	JavaScript	0	0	866	0	Apache License 2.0	2363055	0.7225017972681523
986	Java	0	0	1836	0	MIT License	3523574	0.4313443565780014
987	TypeScript	15320	5973	179	53	MIT License	505821	0.5837526959022287
988	Java	16577	0	596	0	GNU General Public License v3.0	721918	0.3874910136592379
989	Kotlin	22083	570	1009	0	MIT No Attribution	1950484	0.2818116462976276
990	JavaScript	19119	0	980	0	MIT License	1577228	0.5449317038102085
991	C#	17006	0	33	0	MIT License	1834049	0.8461538461538461
992	TypeScript	35434	2517	181	0	MIT License	2118447	0.5319913731128685
993	Rust	0	0	0	97	MIT License	2263030	0.5974119338605319
994	Python	0	2213	0	183	Apache License 2.0	1009237	0.4349388928828181
995	C	0	0	0	198	Apache License 2.0	441687	0.5916606757728252
996	C++	17534	1397	0	465	Apache License 2.0	719861	0.6312005751258087
997	VBA	0	0	1213	0	MIT License	1141584	0.5679367361610352
998	TypeScript	0	9448	2327	297	GNU General Public License v3.0	6706200	0.6671459381739755
999	TypeScript	0	0	694	0	GNU General Public License v3.0	914738	0.5154565061107117
1000	Ruby	0	1945	702	158	GNU General Public License v3.0	658077	0.6225736879942486
